Name,Toxicity
a5,P
a8,P
a10,P
a13,P
a15,P
a28,P
a29,P
a31,P
a32,P
a35,P
a50,P
a52,P
a58,P
a67,P
a73,P
a78,P
a79,P
a80,P
a89,P
a93,P
a95,P
a99,P
a101,P
a111,P
a112,P
a115,P
a116,P
a127,P
a132,P
a145,P
a151,P
a156,P
a171,P
a172,P
a179,P
a185,P
a187,P
a188,P
a190,P
a192,P
a201,P
a208,P
a218,P
a225,P
a230,P
a231,P
a232,P
a235,P
a241,P
a242,P
a244,P
a248,P
a255,P
a269,P
a278,P
a279,P
a280,P
a281,P
a289,P
a304,P
a305,P
a316,P
a322,P
a336,P
a344,P
a366,P
a370,P
a372,P
a374,P
a381,P
a383,P
a388,P
a390,P
a392,P
a393,P
a395,P
a404,P
a413,P
a419,P
a440,P
a446,P
a448,P
a450,P
a455,P
a459,P
a462,P
a465,P
a470,P
a471,P
a472,P
a475,P
a486,P
a487,P
a488,P
a495,P
a496,P
a500,P
a504,P
a506,P
a509,P
a519,P
a520,P
a522,P
a536,P
a537,P
a538,P
a556,P
a557,P
a562,P
a564,P
a565,P
a566,P
a570,P
a576,P
a577,P
a582,P
a584,P
a590,P
a594,P
a603,P
a606,P
a607,P
a616,P
a622,P
a623,P
a625,P
a626,P
a631,P
a638,P
a651,P
a652,P
a654,P
a656,P
a659,P
a664,P
a665,P
a674,P
a675,P
a684,P
a685,P
a686,P
a692,P
a693,P
a694,P
a696,P
a699,P
a705,P
a708,P
a709,P
a714,P
a716,P
a718,P
a722,P
a723,P
a737,P
a747,P
a764,P
a765,P
a768,P
a771,P
a780,P
a786,P
a787,P
a792,P
a804,P
a806,P
a810,P
a818,P
a831,P
a839,P
a841,P
a851,P
a863,N
a866,N
a871,N
a873,N
a877,N
a882,N
a887,N
a888,N
a896,N
a901,N
a903,N
a904,N
a906,N
a911,N
a912,N
a930,N
a931,N
a938,N
a939,N
a940,N
a941,N
a947,N
a953,N
a955,N
a962,N
a969,N
a986,N
a994,N
a996,N
a998,N
a1007,N
a1010,N
a1011,N
a1017,N
a1018,N
a1024,N
a1026,N
a1035,N
a1037,N
a1048,N
a1051,N
a1057,N
a1062,N
a1063,N
a1071,N
a1072,N
a1078,N
a1084,N
a1092,N
a1095,N
a1111,N
a1114,N
a1115,N
a1117,N
a1135,N
a1136,N
a1140,N
a1141,N
a1146,N
a1148,N
a1149,N
a1152,N
a1157,N
a1164,N
a1175,N
a1179,N
a1184,N
a1188,N
a1192,N
a1193,N
a1197,N
a1198,N
a1203,N
a1205,N
a1207,N
a1219,N
a1221,N
a1223,N
a1225,N
a1229,N
a1230,N
a1232,N
a1233,N
a1235,N
a1238,N
a1240,N
a1253,N
a1256,N
a1262,N
a1265,N
a1268,N
a1273,N
a1277,N
a1289,N
a1292,N
a1294,N
a1298,N
a1305,N
a1315,N
a1316,N
a1320,N
a1329,N
a1334,N
a1338,N
a1344,N
a1350,N
a1359,N
a1364,N
a1373,N
a1374,N
a1376,N
a1384,N
a1385,N
a1387,N
a1395,N
a1403,N
a1411,N
a1416,N
a1424,N
a1435,N
a1436,N
a1439,N
a1441,N
a1444,N
a1452,N
a1461,N
a1472,N
a1475,N
a1485,N
a1486,N
a1487,N
a1491,N
a1498,N
a1511,N
a1524,N
a1528,N
a1530,N
a1534,N
a1537,N
a1538,N
a1541,N
a1543,N
a1546,N
a1549,N
a1550,N
a1559,N
a1564,N
a1570,N
a1576,N
a1586,N
a1587,N
a1602,N
a1604,N
a1610,N
a1617,N
a1621,N
a1626,N
a1627,N
a1628,N
a1630,N
a1634,N
a1635,N
a1641,N
a1645,N
a1646,N
a1650,N
a1664,N
a1665,N
a1666,N
a1669,N
a1673,N
a1674,N
a1675,N
a1678,N
a1689,N
a1690,N
a1698,N
a1710,N
a1711,N
a1719,N
a1733,N
a1738,N
a1742,N
a1743,N
a1753,N
a1755,N
a1774,N
a1777,N
a1788,N
a1792,N
a1796,N
a1808,N
a1818,N
